{
  "accuracy": 0.8547486033519553,
  "f1": 0.803030303030303,
  "precision": 0.8412698412698413,
  "recall": 0.7681159420289855,
  "roc_auc": 0.8786561264822135,
  "chosen_model": "LogisticRegression"
}